date,open,close,high,low,volume
2020-8-19,0.112303051,0.089223233,0.09686221,0.105282877,0.073051057
2020-8-20,0.08079115,0.100419874,0.088335607,0.090295991,0.061588398
2020-8-21,0.10325176,0.092722183,0.092087312,0.100786812,0.059219414
2020-8-24,0.09319477,0.093072078,0.080832196,0.089921319,0.052705561
2020-8-25,0.092189071,0.096571029,0.093792633,0.109029599,0.060582376
2020-8-26,0.096882333,0.083974808,0.092769441,0.097414762,0.068520945
2020-8-27,0.084478713,0.069979006,0.072305593,0.078306482,0.067696715
2020-8-28,0.081461616,0.149055283,0.135402456,0.092544024,0.35375029
2020-8-31,0.151190077,0.130160952,0.148362892,0.151742226,0.183463614
2020-9-1,0.132752263,0.120713786,0.128581173,0.130385912,0.134293589
2020-9-2,0.120013409,0.122463261,0.111527967,0.126264519,0.117871663
2020-9-3,0.120683875,0.099720084,0.112892224,0.112776321,0.14602482
2020-9-4,0.081796849,0.082225332,0.07366985,0.089546647,0.093327555
2020-9-7,0.078444519,0.054583625,0.070600273,0.067815661,0.147838588
2020-9-8,0.060006705,0.05423373,0.048090041,0.05545148,0.069782552
2020-9-9,0.046597385,0.011896431,0.033424284,0.017609592,0.126901051
2020-9-10,0.023131076,0.001049685,0.01739427,0.007493443,0.059462866
2020-9-11,0.004693262,0.022043387,0.008526603,0.010490821,0.037243274
2020-9-14,0.033188066,0.017144857,0.017053206,0.025103035,0.038487677
2020-9-15,0.020784445,0.020293912,0.009208731,0.021356313,0.023149991
2020-9-16,0.022125377,0.012596221,0.012278308,0.022105658,0.019732273
2020-9-17,0.017096882,0,0,0,0.058633837
2020-9-18,0,0.019944017,0.007162347,0.007493443,0.047097278
2020-9-21,0.026483406,0.015395381,0.012278308,0.026601723,0.03168504
2020-9-22,0.014750251,0.007347796,0.01568895,0.018358936,0.041411334
2020-9-23,0.015085484,0.030440868,0.026603001,0.014612214,0.079956596
2020-9-24,0.019443513,0.018894332,0.018076398,0.028849756,0.034282622
2020-9-25,0.024472008,0.022393282,0.018758527,0.029224429,0.025287132
2020-9-28,0.02581294,0.007347796,0.012960437,0.018358936,0.01783453
2020-9-29,0.014750251,0.026592022,0.018417462,0.017609592,0.038911964
2020-9-30,0.029835736,0.016095171,0.022510232,0.024728363,0.021910937
2020-10-9,0.028494804,0.043037089,0.032060027,0.039340577,0.060359386
2020-10-12,0.04827355,0.05843247,0.045361528,0.054702136,0.065965748
2020-10-13,0.059671472,0.05913226,0.052864939,0.0659423,0.03862627
2020-10-14,0.060341938,0.05493352,0.051841746,0.063319595,0.039275157
2020-10-15,0.056989608,0.037438768,0.041950887,0.051330086,0.049702212
2020-10-16,0.04492122,0.05563331,0.042291951,0.056950169,0.051417965
2020-10-19,0.060006705,0.045136459,0.045361528,0.059198202,0.029189126
2020-10-20,0.053637278,0.083974808,0.077421555,0.063694268,0.132804505
2020-10-21,0.085149179,0.082225332,0.089699864,0.091420007,0.081557552
2020-10-22,0.080120684,0.101119664,0.086630286,0.085799925,0.098223982
2020-10-23,0.097552799,0.078376487,0.086289222,0.089546647,0.067828595
2020-10-26,0.073416024,0.085024493,0.074010914,0.067066317,0.048275127
2020-10-27,0.090177673,0.110216935,0.104365621,0.108280255,0.137852548
2020-10-28,0.10995642,0.144156753,0.132332879,0.126264519,0.212478748
2020-10-29,0.129735166,0.125612316,0.135061392,0.142750094,0.134308933
2020-10-30,0.130070399,0.127711686,0.138813097,0.142750094,0.120746181
2020-11-2,0.127053302,0.11336599,0.136084584,0.118021731,0.140673296
2020-11-3,0.114314449,0.117214836,0.107094134,0.109404271,0.090490642
2020-11-4,0.116661079,0.213785864,0.195429741,0.130760584,0.595368196
2020-11-5,0.247401944,0.320153954,0.299113233,0.275758711,0.540870911
2020-11-6,0.348307073,0.303358992,0.349931787,0.294866991,0.511299088
2020-11-9,0.298692591,0.279916025,0.298431105,0.288872237,0.397382014
2020-11-10,0.272209185,0.22113366,0.259890859,0.247283627,0.325251878
2020-11-11,0.214213879,0.203289013,0.22271487,0.224428625,0.242386974
2020-11-12,0.202480724,0.211686494,0.193383356,0.211315099,0.187649842
2020-11-13,0.197452229,0.173198041,0.18792633,0.184338704,0.214148281
2020-11-16,0.174991619,0.245276417,0.233287858,0.19070813,0.398569178
2020-11-17,0.222929936,0.229531141,0.21521146,0.236792806,0.179137441
2020-11-18,0.214549112,0.246675997,0.263301501,0.247283627,0.208090475
2020-11-19,0.226282266,0.242827152,0.237380628,0.228924691,0.123275912
2020-11-20,0.237009722,0.231280616,0.233969986,0.253653054,0.114749864
2020-11-23,0.220918538,0.213435969,0.207366985,0.221431248,0.130935243
2020-11-24,0.208514918,0.181245626,0.194747613,0.195204196,0.176217219
2020-11-25,0.178008716,0.136109167,0.166098226,0.153240914,0.216840646
2020-11-26,0.134093195,0.138908328,0.127216917,0.149494193,0.074926864
2020-11-27,0.135434127,0.142407278,0.127216917,0.150992881,0.046767387
2020-11-30,0.140462622,0.119664101,0.126193724,0.140502061,0.098647265
2020-12-1,0.130405632,0.155003499,0.146657572,0.149494193,0.132977242
2020-12-2,0.153871941,0.152554234,0.14904502,0.167478456,0.092957737
2020-12-3,0.150519611,0.167249825,0.159959072,0.171974522,0.085245593
2020-12-4,0.158900436,0.178096571,0.162346521,0.182840015,0.067650257
2020-12-7,0.170298357,0.173547936,0.171555252,0.182840015,0.073415627
2020-12-8,0.169627891,0.185094472,0.185879945,0.196328213,0.090598074
2020-12-9,0.17733825,0.152204339,0.168826739,0.169351817,0.085230521
2020-12-10,0.140462622,0.155003499,0.140518417,0.160734357,0.041146707
2020-12-11,0.147502514,0.135059482,0.14154161,0.142000749,0.103644077
2020-12-14,0.135098894,0.167249825,0.16473397,0.154739603,0.098218368
2020-12-15,0.169963124,0.186144157,0.174624829,0.183964031,0.119528133
2020-12-16,0.178679182,0.175997201,0.167803547,0.18883477,0.07482521
2020-12-17,0.168957425,0.214485654,0.200204638,0.194454852,0.254244197
2020-12-18,0.204156889,0.202589223,0.203274216,0.218808543,0.117146677
2020-12-21,0.197452229,0.203988803,0.190313779,0.213937804,0.091368914
2020-12-22,0.194099899,0.182645206,0.198840382,0.204945673,0.126827864
2020-12-23,0.174656386,0.173547936,0.161664393,0.179467966,0.10362631
2020-12-24,0.172309755,0.135409377,0.161323329,0.149494193,0.122807657
2020-12-25,0.131076098,0.135059482,0.12994543,0.144623454,0.079199593
2020-12-28,0.124371438,0.081175647,0.115279673,0.06406894,0.247828067
2020-12-29,0.069728461,0.066480056,0.061391542,0.072686399,0.081935592
2020-12-30,0.081796849,0.068929321,0.066166439,0.078306482,0.06166847
2020-12-31,0.072745558,0.081175647,0.073328786,0.085799925,0.060111929
2021-1-4,0.082802548,0.086773968,0.072987722,0.073061072,0.142826032
2021-1-5,0.087160577,0.083624913,0.071623465,0.083551892,0.11113573
2021-1-6,0.096882333,0.147305808,0.136766712,0.115773698,0.235297048
2021-1-7,0.143144485,0.161651505,0.16473397,0.14911952,0.207471984
2021-1-8,0.152866242,0.150454864,0.157571623,0.164481079,0.110024978
2021-1-11,0.140797855,0.11476557,0.128922237,0.128137879,0.129116241
2021-1-12,0.113979216,0.126312106,0.115279673,0.124391158,0.082428559
2021-1-13,0.12571237,0.101819454,0.113233288,0.112776321,0.114281087
2021-1-14,0.100234663,0.097270819,0.099590723,0.113900337,0.071587697
2021-1-15,0.096882333,0.103568929,0.092428377,0.110153616,0.049578894
2021-1-18,0.102916527,0.101469559,0.094133697,0.113525665,0.042665208
2021-1-19,0.118672477,0.108817355,0.122100955,0.127013863,0.085660274
2021-1-20,0.108950721,0.129111267,0.114938608,0.124391158,0.069276597
2021-1-21,0.130405632,0.124912526,0.13165075,0.144248782,0.098783652
2021-1-22,0.122024807,0.179146256,0.161664393,0.139378044,0.279297776
2021-1-25,0.175997318,0.159202239,0.169849932,0.173847883,0.164728836
2021-1-26,0.156889038,0.11126662,0.142223738,0.128887224,0.138006247
2021-1-27,0.102581294,0.091672498,0.101637108,0.107905583,0.082677476
2021-1-28,0.085484412,0.066829951,0.07366985,0.081303859,0.0740959
2021-1-29,0.063694268,0.074527642,0.064120055,0.076058449,0.063216925
2021-2-1,0.071404626,0.095521344,0.09106412,0.082053203,0.060648489
2021-2-2,0.096211867,0.085024493,0.082878581,0.096665418,0.039434939
2021-2-3,0.085819645,0.063331001,0.098226467,0.063319595,0.129642169
2021-2-4,0.055648676,0.033240028,0.046725784,0.041963282,0.091436588
2021-2-5,0.038887026,0.026592022,0.034447476,0.038216561,0.050987744
2021-2-8,0.032182367,0.035689293,0.022510232,0.023979018,0.075540094
2021-2-9,0.0325176,0.124212736,0.108117326,0.043461971,0.212242146
2021-2-10,0.163258465,0.198390483,0.190313779,0.174222555,0.45648255
2021-2-18,0.251089507,0.303009097,0.282401091,0.27388535,0.615091514
2021-2-19,0.26483406,0.313156053,0.305593452,0.291869614,0.558857824
2021-2-22,0.315119008,0.341497551,0.397680764,0.359685275,0.549892716
2021-2-23,0.314448542,0.460461861,0.435879945,0.358935931,0.442713055
2021-2-24,0.451558833,0.350244927,0.4553206,0.373548145,0.698133174
2021-2-25,0.341602414,0.306508048,0.372442019,0.331210191,0.481766641
2021-2-26,0.264498827,0.265920224,0.282401091,0.289246909,0.310767805
2021-3-1,0.260811264,0.377186844,0.354706685,0.285125515,0.513351107
2021-3-2,0.360040228,0.44646606,0.442701228,0.387785688,0.613937998
2021-3-3,0.414683205,0.428271519,0.422237381,0.42113151,0.391086568
2021-3-4,0.398592021,0.485654304,0.524556617,0.42974897,0.614063767
2021-3-5,0.455581629,0.441917425,0.454638472,0.42637692,0.381953421
2021-3-8,0.435132417,0.411476557,0.481582538,0.448482578,0.382549977
2021-3-9,0.378478042,0.306508048,0.384720327,0.333083552,0.514870437
2021-3-10,0.311431445,0.33240028,0.343110505,0.338328962,0.310121179
2021-3-11,0.313442843,0.443317005,0.425989086,0.348070438,0.523515566
2021-3-12,0.435132417,0.467459762,0.454979536,0.437991757,0.506818679
2021-3-15,0.43211532,0.451014696,0.475784447,0.468340202,0.333160086
2021-3-16,0.436473349,0.443317005,0.444065484,0.449606594,0.295719044
2021-3-17,0.396245391,0.499650105,0.519440655,0.43162233,0.395106034
2021-3-18,0.484076433,0.634359692,0.605388813,0.548520045,0.738958509
2021-3-19,0.585987261,0.613016095,0.628922237,0.615961034,0.60845695
2021-3-22,0.577941669,0.623862841,0.648362892,0.640689397,0.517234716
2021-3-23,0.587663426,0.476557033,0.590723056,0.522667666,0.536608264
2021-3-24,0.408649011,0.488453464,0.536152797,0.381790933,0.758336688
2021-3-25,0.431444854,0.387683695,0.421555252,0.421880854,0.413897373
2021-3-26,0.368756286,0.399230231,0.410300136,0.419632821,0.322702764
2021-3-29,0.368421053,0.448215535,0.454297408,0.406893968,0.399397542
2021-3-30,0.420382166,0.44156753,0.480218281,0.468340202,0.416912521
2021-3-31,0.408649011,0.44226732,0.458731241,0.461221431,0.276464055
2021-4-1,0.446195106,0.509447166,0.506821282,0.487448483,0.49619765
2021-4-2,0.481729802,0.509447166,0.512619372,0.538403897,0.379277228
2021-4-6,0.482400268,0.503848845,0.507503411,0.529037093,0.274196093
2021-4-7,0.473013745,0.459062281,0.478171896,0.490820532,0.302872958
2021-4-8,0.439155213,0.468159552,0.464870396,0.455976021,0.424244079
2021-4-9,0.452899765,0.400629811,0.450545703,0.440989135,0.384990804
2021-4-12,0.366409655,0.396780966,0.400068213,0.417010116,0.219796721
2021-4-13,0.384847469,0.376487054,0.383356071,0.402397902,0.194090006
2021-4-14,0.42541066,0.498950315,0.473396999,0.479205695,0.317217283
2021-4-15,0.565873282,0.549685094,0.558321965,0.5545148,0.767570008
2021-4-16,0.533020449,0.610916725,0.653478854,0.603222181,0.670519503
2021-4-19,0.566208515,0.587823653,0.564802183,0.591607344,0.456818742
2021-4-20,0.549446866,0.599720084,0.636766712,0.614087673,0.577883599
2021-4-21,0.526315789,0.715885234,0.712824011,0.5841139,0.898743102
2021-4-22,0.70030171,0.738978307,0.736016371,0.763956538,0.648374455
2021-4-23,0.70030171,0.722883135,0.747953615,0.748220307,0.553400539
2021-4-26,0.691920885,0.750524843,0.803547067,0.780067441,0.533973736
2021-4-27,0.710693932,0.796361092,0.801500682,0.80067441,0.530379644
2021-4-28,0.736506872,0.768369489,0.801159618,0.790183589,0.588061038
2021-4-29,0.734160241,0.826102169,0.857435198,0.828025478,0.551382166
2021-4-30,0.797519276,0.993701889,0.955661664,0.898838516,0.773579679
2021-5-6,1,0.809657103,1,0.879355564,1
2021-5-7,0.744217231,0.676696991,0.762619372,0.721618584,0.769796767
2021-5-10,0.669460275,0.705038488,0.698840382,0.737729487,0.468721005
2021-5-11,0.655380489,0.740727782,0.739427012,0.682278007,0.600491584
2021-5-12,0.70030171,0.810706788,0.803547067,0.775196703,0.552596066
2021-5-13,0.757291317,0.841847446,0.860504775,0.83701761,0.536664743
2021-5-14,0.804223936,0.823303009,0.838335607,0.865118022,0.391771505
2021-5-17,0.77103587,0.928621414,0.912005457,0.859872611,0.486167454
2021-5-18,0.924572578,0.920223933,0.96111869,0.931809667,0.495604917
2021-5-19,0.867918203,0.932120364,0.944065484,0.962532784,0.373606974
2021-5-20,0.867918203,0.872638209,0.93042292,0.931809667,0.426512156
2021-5-21,0.855849816,0.871938418,0.867667121,0.896965155,0.347824811
2021-5-24,0.842440496,0.880685794,0.854024557,0.907081304,0.275021212
2021-5-25,0.860543077,0.967809657,0.950886767,0.958786062,0.487544592
2021-5-26,0.928260141,0.933170049,0.933492497,1,0.283897552
2021-5-27,0.889708347,0.932820154,0.931787176,0.970026227,0.316056482
2021-5-28,0.89339591,0.938068579,0.958390177,0.995503934,0.345697894
2021-5-31,0.894736842,1,0.967939973,0.992506557,0.395992615
2021-6-1,0.95507878,0.908677397,0.967257844,0.940052454,0.529592619
2021-6-2,0.867918203,0.83449965,0.895634379,0.902585238,0.40691164
2021-6-3,0.798860208,0.804758572,0.815825375,0.860621956,0.284928015
2021-6-4,0.751592357,0.802309307,0.785129604,0.84750843,0.176761471
2021-6-7,0.733825008,0.784814556,0.762619372,0.778568752,0.294564638
2021-6-8,0.767013074,0.761371589,0.790245566,0.80591982,0.216984935
2021-6-9,0.730472679,0.748075577,0.737721692,0.798051705,0.129395573
2021-6-10,0.72276232,0.761371589,0.751364256,0.796927688,0.18623195
2021-6-11,0.730137446,0.827151854,0.805593452,0.799550393,0.375934803
2021-6-15,0.768018773,0.741077677,0.792291951,0.804795804,0.249903
2021-6-16,0.707006369,0.626662001,0.70941337,0.678156613,0.347943662
2021-6-17,0.60610124,0.638208537,0.63744884,0.684900712,0.167615513
2021-6-18,0.604425075,0.659902029,0.636425648,0.650805545,0.219813015
2021-6-21,0.613141133,0.72323303,0.702933151,0.686774073,0.258305186
2021-6-22,0.688903788,0.765570329,0.759890859,0.768077932,0.267604938
2021-6-23,0.737177338,0.756123163,0.756480218,0.81116523,0.191944677
2021-6-24,0.729802213,0.723582925,0.743178718,0.775946047,0.133755943
2021-6-25,0.699966477,0.802309307,0.807298772,0.788684901,0.389618666
2021-6-28,0.800871606,0.810356893,0.804229195,0.858748595,0.194547825
2021-6-29,0.778075763,0.783414976,0.782742156,0.831772199,0.135562155
2021-6-30,0.75527992,0.761721484,0.773533424,0.808917197,0.144096641
2021-7-1,0.727120349,0.770818754,0.789222374,0.817534657,0.229499986
2021-7-2,0.730472679,0.660951714,0.725784447,0.707755714,0.307833787
2021-7-5,0.626550453,0.676696991,0.660982265,0.680029974,0.172250341
2021-7-6,0.659403285,0.60636809,0.654160982,0.620831772,0.286363112
2021-7-7,0.586322494,0.623862841,0.607776262,0.64818284,0.136352534
2021-7-8,0.611464968,0.583974808,0.610163711,0.635818659,0.168006296
2021-7-9,0.554140127,0.587823653,0.571623465,0.599100787,0.152579849
2021-7-12,0.567549447,0.61056683,0.601978172,0.614462345,0.160067408
2021-7-13,0.591350989,0.604968509,0.610845839,0.640314725,0.123862894
2021-7-14,0.578612135,0.644156753,0.638813097,0.637692019,0.277176575
2021-7-15,0.600737513,0.621413576,0.603001364,0.644061446,0.150706873
2021-7-16,0.582299698,0.591672498,0.587312415,0.641438741,0.095859078
2021-7-19,0.563191418,0.621413576,0.601296044,0.614087673,0.142724351
2021-7-20,0.581629232,0.617214836,0.609822647,0.649681529,0.084413976
2021-7-21,0.595709018,0.619664101,0.614597544,0.673285875,0.123243738
2021-7-22,0.599061348,0.582575227,0.599590723,0.630573248,0.139603625
2021-7-23,0.553134428,0.468859342,0.547748977,0.504683402,0.389892357
2021-7-26,0.42541066,0.419874038,0.441678035,0.411015362,0.295119481
2021-7-27,0.401273885,0.368789363,0.409618008,0.40389659,0.172668973
2021-7-28,0.348307073,0.386983905,0.383015007,0.353690521,0.17230092
2021-7-29,0.391552129,0.379636109,0.393587995,0.405395279,0.145182375
2021-7-30,0.358364063,0.39363191,0.376193724,0.373922818,0.154265384
2021-8-2,0.360375461,0.436319104,0.424283765,0.394155114,0.214954071
2021-8-3,0.43211532,0.468159552,0.466575716,0.471712252,0.260265932
2021-8-4,0.44552464,0.461161652,0.437244202,0.46796553,0.158861147
2021-8-5,0.436138116,0.423722883,0.451227831,0.460472087,0.125567764
2021-8-6,0.398592021,0.412876137,0.396998636,0.428624953,0.107727796
2021-8-9,0.387529333,0.453463961,0.435538881,0.431247658,0.140209108
2021-8-10,0.422393564,0.467109867,0.451909959,0.461596103,0.242592726
2021-8-11,0.452899765,0.415325402,0.443383356,0.45410266,0.179599144
2021-8-12,0.399262487,0.418824353,0.410982265,0.444735856,0.091838845
2021-8-13,0.405967147,0.397480756,0.402114598,0.433121019,0.085275288
2021-8-16,0.383506537,0.480755773,0.47680764,0.433495691,0.313394654
2021-8-17,0.465638619,0.489153254,0.508867667,0.509179468,0.35561909
2021-8-18,0.473013745,0.44996501,0.471691678,0.460472087,0.214666014
2021-8-19,0.425745893,0.516095171,0.513642565,0.482952417,0.306814077
2021-8-20,0.492457258,0.478306508,0.48431105,0.481079056,0.262325508
2021-8-23,0.453905464,0.450314906,0.449863574,0.466841514,0.145984764
2021-8-24,0.433791485,0.429671099,0.449181446,0.464218809,0.177966544
2021-8-25,0.381830372,0.365990203,0.371077763,0.397527164,0.262357879
2021-8-26,0.339926249,0.245276417,0.328785812,0.274260022,0.490709773
2021-8-27,0.227623198,0.250874738,0.246589359,0.247658299,0.197996182
2021-8-30,0.247737177,0.264170749,0.260231924,0.238291495,0.184944008
2021-8-31,0.257458934,0.227781666,0.244884038,0.250281004,0.122342356
2021-9-1,0.222594703,0.246326102,0.244884038,0.237542151,0.156480023
2021-9-2,0.233657392,0.226382085,0.237380628,0.246908955,0.107793827
2021-9-3,0.217566209,0.233729881,0.244884038,0.241288872,0.120968396
2021-9-6,0.230975528,0.275017495,0.262960437,0.254402398,0.165751173
2021-9-7,0.260476031,0.270818754,0.268076398,0.289246909,0.097964861
2021-9-8,0.263828361,0.258222533,0.257844475,0.286624204,0.073845401
2021-9-9,0.251759973,0.251574528,0.256821282,0.271262645,0.065603554
2021-9-10,0.234327858,0.229181246,0.227830832,0.248407643,0.118918543
2021-9-13,0.223265169,0.22253324,0.225784447,0.239790184,0.098156899
2021-9-14,0.21656051,0.216585024,0.223396999,0.242412889,0.092436765
2021-9-15,0.214213879,0.182645206,0.203274216,0.204571,0.135181453
2021-9-16,0.179349648,0.178796361,0.184515689,0.19932559,0.081655635
2021-9-17,0.175997318,0.194191742,0.183492497,0.164481079,0.171518641
2021-9-22,0.166610795,0.201189643,0.186562074,0.19070813,0.068848881
2021-9-23,0.197116996,0.196990903,0.202251023,0.215061821,0.080839376
2021-9-24,0.186724774,0.22323303,0.226125512,0.210191083,0.147390844
2021-9-27,0.214213879,0.228481456,0.241473397,0.219932559,0.173620432
2021-9-28,0.21656051,0.199090273,0.202933151,0.217309854,0.078513434
2021-9-29,0.182031512,0.173547936,0.194406548,0.197077557,0.073256354
2021-9-30,0.18069058,0.190342897,0.175648022,0.200074934,0.04658744
2021-10-8,0.210526316,0.294261721,0.273874488,0.239790184,0.156709918
2021-10-11,0.305732484,0.320503849,0.328785812,0.341701012,0.379187394
2021-10-12,0.311431445,0.367389783,0.381309686,0.329711502,0.438382727
2021-10-13,0.330204492,0.350594822,0.363574352,0.363806669,0.284191502
2021-10-14,0.337914851,0.325052484,0.345156889,0.344698389,0.184229192
2021-10-15,0.304726785,0.322253324,0.312414734,0.330835519,0.142923083
2021-10-18,0.305397251,0.308607418,0.313096862,0.330460847,0.106648539
2021-10-19,0.295675494,0.310706788,0.307639836,0.32933683,0.109941221
2021-10-20,0.314448542,0.353393982,0.346521146,0.344698389,0.212007344
2021-10-21,0.331210191,0.329951015,0.32946794,0.354065193,0.125102966
2021-10-22,0.31310761,0.305108467,0.3079809,0.337204946,0.089611835
2021-10-25,0.290311767,0.313505948,0.295361528,0.321094043,0.075163514
2021-10-26,0.298692591,0.306158153,0.314802183,0.336830274,0.07974762
2021-10-27,0.340596715,0.33379986,0.348908595,0.36043462,0.199798999
2021-10-28,0.321823667,0.383484955,0.38744884,0.359310603,0.331561873
2021-10-29,0.371773383,0.433869839,0.432469304,0.404271263,0.34010691
2021-11-1,0.42876299,0.431420574,0.435538881,0.456725365,0.214280078
2021-11-2,0.405296681,0.425122463,0.444065484,0.458973398,0.22892927
2021-11-3,0.417029836,0.427221833,0.429058663,0.460472087,0.10502596
2021-11-4,0.410325176,0.427571728,0.415416098,0.439115774,0.165770291
2021-11-5,0.405296681,0.382785164,0.401773533,0.422255526,0.129818333
2021-11-8,0.361716393,0.372988104,0.357435198,0.380292244,0.094018066
2021-11-9,0.365068723,0.382785164,0.379604366,0.411015362,0.07810612
2021-11-10,0.378478042,0.38453464,0.393587995,0.408392656,0.113561438
2021-11-11,0.365068723,0.376836949,0.371077763,0.402772574,0.080944458
2021-11-12,0.381495139,0.404478656,0.397680764,0.411764706,0.124735361
2021-11-15,0.391216896,0.44716585,0.435197817,0.44023979,0.186419989
2021-11-16,0.436473349,0.426871938,0.441336971,0.464218809,0.154706929
2021-11-17,0.41300704,0.456263121,0.43212824,0.457100037,0.150995072
2021-11-18,0.43546765,0.439818055,0.427353342,0.475084301,0.088242729
2021-11-19,0.436473349,0.444716585,0.442360164,0.475458973,0.102406171
2021-11-22,0.415353671,0.416375087,0.411323329,0.447358561,0.124348861
2021-11-23,0.395574925,0.405178446,0.404502046,0.436118396,0.080954486
2021-11-24,0.385853168,0.382085374,0.38744884,0.392281753,0.126857736
2021-11-25,0.368421053,0.38453464,0.373465211,0.407643312,0.053206715
2021-11-26,0.369426752,0.344646606,0.361186903,0.381041589,0.088591936
2021-11-29,0.350653704,0.333449965,0.366984993,0.364556013,0.114677777
2021-11-30,0.324170298,0.337648705,0.330150068,0.359310603,0.090889369
2021-12-1,0.341267181,0.361441568,0.345839018,0.376170851,0.074208403
2021-12-2,0.346630908,0.339398181,0.342087312,0.373548145,0.052189973
2021-12-3,0.329534026,0.372988104,0.367326057,0.363431997,0.098451324
2021-12-6,0.363392558,0.353393982,0.352319236,0.382165605,0.047234134
2021-12-7,0.343278579,0.370188943,0.351637108,0.383664294,0.052491683
2021-12-8,0.355346966,0.372638209,0.354024557,0.393780442,0.041027503
2021-12-9,0.36473349,0.420223933,0.412687585,0.409891345,0.211250354
2021-12-10,0.398592021,0.410076977,0.407571623,0.440614462,0.109374327
2021-12-13,0.398592021,0.431420574,0.409618008,0.442487823,0.103805136
2021-12-14,0.415018438,0.435269419,0.430763984,0.463094792,0.130203998
2021-12-15,0.421387865,0.407277817,0.418826739,0.445859873,0.110370919
2021-12-16,0.385853168,0.421973408,0.406889495,0.437991757,0.093679233
2021-12-17,0.407643312,0.396081176,0.404502046,0.434245036,0.063797464
2021-12-20,0.375460945,0.364940518,0.383015007,0.401273885,0.053402005
2021-12-21,0.365403956,0.420923723,0.410300136,0.408017984,0.131299277
2021-12-22,0.415353671,0.439818055,0.420190996,0.458973398,0.100840526
2021-12-23,0.418706001,0.419874038,0.418144611,0.452978644,0.062926397
2021-12-24,0.406637613,0.467809657,0.456343793,0.454477332,0.216928056
2021-12-27,0.462956755,0.512596221,0.490109141,0.50093668,0.223961801
2021-12-28,0.486087831,0.505948216,0.496589359,0.535406519,0.147926419
2021-12-29,0.499161918,0.55843247,0.534447476,0.554140127,0.266648708
2021-12-30,0.537713711,0.578376487,0.577421555,0.588609966,0.247727676
2021-12-31,0.565873282,0.55843247,0.558663029,0.597227426,0.14918256
2022-1-4,0.539389876,0.631210637,0.61255116,0.603971525,0.242331785
2022-1-5,0.600067047,0.618264521,0.60675307,0.647058824,0.130596519
2022-1-6,0.591686222,0.603568929,0.592087312,0.595354065,0.177309504
2022-1-7,0.582634931,0.670048985,0.668485675,0.648557512,0.261450829
2022-1-10,0.646664432,0.618964311,0.648021828,0.670288498,0.151179778
2022-1-11,0.58699296,0.618614416,0.636766712,0.6568003,0.110720017
2022-1-12,0.58699296,0.594471659,0.597544338,0.626451855,0.113086958
2022-1-13,0.573583641,0.548635409,0.580491132,0.598351442,0.116488782
2022-1-14,0.514247402,0.515745276,0.532742156,0.557886849,0.125442912
2022-1-17,0.550117332,0.545486354,0.578785812,0.587860622,0.121048909
2022-1-18,0.532685216,0.519594122,0.531036835,0.565380292,0.066542486
2022-1-19,0.502179014,0.49510147,0.502387449,0.529037093,0.073812894
2022-1-20,0.487428763,0.488103569,0.491132333,0.529786437,0.050368492
2022-1-21,0.478377472,0.458012596,0.471691678,0.502060697,0.059102627
2022-1-24,0.405967147,0.454163751,0.444406548,0.450730611,0.066583778
2022-1-25,0.437814281,0.411826452,0.441678035,0.452978644,0.052732602
2022-1-26,0.409319477,0.412176347,0.405184175,0.436118396,0.035607592
2022-1-27,0.39959772,0.382435269,0.39324693,0.411764706,0.038652198
2022-1-28,0.380824673,0.432470259,0.435538881,0.433121019,0.095868692
2022-2-7,0.45792826,0.448215535,0.48431105,0.479580367,0.071546888
2022-2-8,0.433791485,0.481455563,0.478854025,0.469089547,0.082170354
2022-2-9,0.465638619,0.496151155,0.490109141,0.503559386,0.103977601
2022-2-10,0.479718404,0.482505248,0.482946794,0.514050206,0.053609271
2022-2-11,0.466644318,0.420573828,0.457366985,0.452978644,0.099127713
2022-2-14,0.398927254,0.413575927,0.408594816,0.440989135,0.031629139
2022-2-15,0.401273885,0.473058083,0.466234652,0.455601349,0.087212082
2022-2-16,0.466309085,0.455213436,0.462482947,0.491569876,0.041093779
2022-2-17,0.439825679,0.437718684,0.438949523,0.475833646,0.041593806
2022-2-18,0.410325176,0.439818055,0.416780355,0.453353316,0.02266936
2022-2-21,0.419041234,0.433869839,0.424965894,0.460846759,0.024236478
2022-2-22,0.408649011,0.365640308,0.398703956,0.392281753,0.126227459
2022-2-23,0.365739189,0.459062281,0.451227831,0.415136755,0.155151876
2022-2-24,0.444183708,0.457312806,0.444747613,0.469089547,0.094705507
2022-2-25,0.454911163,0.474807558,0.492837653,0.515923567,0.117493603
2022-2-28,0.469326182,0.477606718,0.473055935,0.50430873,0.038046498
2022-3-1,0.458933959,0.451714486,0.44952251,0.488947171,0.050876904
2022-3-2,0.432450553,0.456962911,0.438267394,0.461596103,0.027426053
2022-3-3,0.442507543,0.479356193,0.472373806,0.501686025,0.071254119
2022-3-4,0.448876969,0.505248425,0.509890859,0.50430873,0.130863122
2022-3-7,0.486423064,0.437368789,0.47851296,0.475458973,0.119913736
2022-3-8,0.431109621,0.397130861,0.424965894,0.427875609,0.062339713
2022-3-9,0.384847469,0.378236529,0.382332879,0.373548145,0.079124301
2022-3-10,0.395239692,0.403079076,0.400409277,0.430498314,0.036896559
2022-3-11,0.365068723,0.382785164,0.369031378,0.379917572,0.060043406
2022-3-14,0.364398257,0.348495451,0.376193724,0.384413638,0.041294737
2022-3-15,0.326852162,0.228831351,0.32946794,0.257399775,0.163528685
2022-3-16,0.24472008,0.268019594,0.261937244,0.239040839,0.094831786
2022-3-17,0.281595709,0.317004899,0.324351978,0.319595354,0.091631172
2022-3-18,0.308749581,0.313855843,0.3079809,0.327838142,0.032251588
2022-3-21,0.310425746,0.32890133,0.31377899,0.344323717,0.029463503
2022-3-22,0.31981227,0.304408677,0.3079809,0.334207568,0.022337622
2022-3-23,0.289306068,0.3310007,0.329126876,0.327463469,0.049797634
2022-3-24,0.31645994,0.334849545,0.326398363,0.350318471,0.03716659
2022-3-25,0.325846463,0.299510147,0.315484311,0.332334208,0.029560445
2022-3-28,0.284612806,0.290412876,0.284106412,0.304233795,0.008960213
2022-3-29,0.286624204,0.300209937,0.291609823,0.319970026,0.01174119
2022-3-30,0.294669796,0.3310007,0.312414734,0.322967404,0.040823374
2022-3-31,0.314783775,0.321203639,0.317530696,0.352566504,0.023311111
2022-4-1,0.305732484,0.304758572,0.301159618,0.327838142,0.021770816
2022-4-6,0.291317466,0.314205738,0.322987722,0.331959535,0.030116225
2022-4-7,0.295005028,0.27326802,0.295361528,0.300487074,0.032463715
2022-4-8,0.271538719,0.264170749,0.269781719,0.29112027,0.029081274
2022-4-11,0.247737177,0.211336599,0.242837653,0.234170101,0.040281403
2022-4-12,0.201810258,0.287263821,0.274556617,0.233046085,0.084912843
2022-4-13,0.279584311,0.295311407,0.295702592,0.291869614,0.072402728
2022-4-14,0.297351659,0.347445766,0.343110505,0.334207568,0.110441241
2022-4-15,0.337244385,0.352694192,0.340040928,0.373548145,0.053319782
2022-4-18,0.32886356,0.366340098,0.352319236,0.370550768,0.043926346
2022-4-19,0.350653704,0.355493352,0.351978172,0.389284376,0.031642181
2022-4-20,0.344954744,0.332750175,0.340381992,0.365305358,0.04329133
2022-4-21,0.323164599,0.308607418,0.360504775,0.336830274,0.059080841
2022-4-22,0.29969829,0.264520644,0.287517053,0.285125515,0.059334083
2022-4-25,0.250754274,0.198740378,0.23840382,0.216935182,0.063442195
2022-4-26,0.207509219,0.203289013,0.213506139,0.165230423,0.11241934
2022-4-27,0.17733825,0.180895731,0.182810368,0.14387411,0.120954574
2022-4-28,0.230975528,0.283764871,0.263642565,0.255526414,0.101495849
2022-4-29,0.308749581,0.344996501,0.344474761,0.339078306,0.143082764
2022-5-5,0.324840764,0.336249125,0.330150068,0.35706257,0.070812954
2022-5-6,0.298357358,0.336249125,0.334583902,0.333083552,0.070549617
2022-5-9,0.315789474,0.301609517,0.325716235,0.321843387,0.047806309
2022-5-10,0.284612806,0.313505948,0.300818554,0.317347321,0.042041652
2022-5-11,0.29969829,0.319454164,0.335948158,0.342450356,0.089020548
2022-5-12,0.291987932,0.312456263,0.31787176,0.333458224,0.045365645
2022-5-13,0.32551123,0.323303009,0.332878581,0.338328962,0.037896064
2022-5-16,0.319141804,0.327501749,0.332537517,0.326714125,0.079419011
2022-5-17,0.311431445,0.353743877,0.351978172,0.35181716,0.122325017
2022-5-18,0.342943346,0.342547236,0.342087312,0.378793556,0.039276983
2022-5-19,0.313442843,0.366689993,0.347885402,0.354065193,0.060600164
2022-5-20,0.355346966,0.446116165,0.434174625,0.404271263,0.158934279
2022-5-23,0.431780087,0.430370889,0.428717599,0.467216186,0.065061121
2022-5-24,0.419041234,0.401329601,0.418826739,0.442113151,0.065300697
2022-5-25,0.398592021,0.425822253,0.417803547,0.442113151,0.044491509
2022-5-26,0.415353671,0.433170049,0.42053206,0.442862495,0.04155039
2022-5-27,0.42541066,0.431420574,0.438949523,0.460472087,0.048210508
2022-5-30,0.419041234,0.470958712,0.454979536,0.46796553,0.084808046
2022-5-31,0.447200805,0.508397481,0.495907231,0.506182091,0.106788287
2022-6-1,0.482400268,0.49720084,0.49420191,0.523042338,0.050388446
2022-6-2,0.468990949,0.486703989,0.471691678,0.510303484,0.039036138
2022-6-6,0.463291988,0.500349895,0.479877217,0.509179468,0.050914075
2022-6-7,0.480053637,0.49930021,0.504092769,0.539153241,0.050075052
2022-6-8,0.480724103,0.547235829,0.544338336,0.539527913,0.153050676
2022-6-9,0.526315789,0.581175647,0.565484311,0.595728737,0.128978387
2022-6-10,0.542742206,0.590622813,0.572646658,0.609591607,0.066329476
2022-6-13,0.549446866,0.624912526,0.611869031,0.621581117,0.087295718
2022-6-14,0.586657727,0.598670399,0.590381992,0.616710378,0.072126124
2022-6-15,0.573248408,0.562981106,0.585948158,0.61521169,0.081472783
2022-6-16,0.551793496,0.595871239,0.595839018,0.621206444,0.08384104
2022-6-17,0.567549447,0.628761372,0.611869031,0.632071937,0.075124476
2022-6-20,0.609788803,0.698390483,0.675306958,0.679280629,0.117961782
2022-6-21,0.666778411,0.656752974,0.671555252,0.700262271,0.074089233
2022-6-22,0.63526651,0.636109167,0.640859482,0.68977145,0.029501807
2022-6-23,0.608112638,0.629461162,0.616302865,0.640314725,0.09254535
2022-6-24,0.618840094,0.631560532,0.645293315,0.653053578,0.089890265
2022-6-27,0.60040228,0.66480056,0.6473397,0.672161858,0.065590899
2022-6-28,0.636607442,0.66340098,0.643929059,0.700262271,0.024683088
2022-6-29,0.630238015,0.630160952,0.669508868,0.685275384,0.052687868
2022-6-30,0.609118337,0.731980406,0.715552524,0.680029974,0.131973018
2022-7-1,0.733825008,0.719384185,0.773533424,0.777070064,0.112476077
2022-7-4,0.694267516,0.866340098,0.831514325,0.782690146,0.145353007
2022-7-5,0.812269527,0.814555633,0.822987722,0.850505807,0.115218804
2022-7-6,0.782433791,0.726382085,0.793997271,0.775196703,0.117465088
2022-7-7,0.700636943,0.737928621,0.729195089,0.770700637,0.065256343
2022-7-8,0.719074757,0.750874738,0.740109141,0.801423754,0.048627728
2022-7-11,0.728796514,0.722883135,0.728854025,0.748969652,0.046545803
2022-7-12,0.697619846,0.697690693,0.695088677,0.731734732,0.040416996
2022-7-13,0.675494469,0.753324003,0.73431105,0.759835144,0.067174073
2022-7-14,0.72611465,0.769769069,0.780354707,0.805170476,0.065700075
2022-7-15,0.7418706,0.761021693,0.795702592,0.808917197,0.053536919
2022-7-18,0.733489775,0.761021693,0.742837653,0.775196703,0.04554145
2022-7-19,0.735836406,0.761371589,0.742837653,0.790558262,0.026988038
2022-7-20,0.740194435,0.798460462,0.804229195,0.82840015,0.084820246
2022-7-21,0.767348307,0.780615815,0.780013643,0.820157362,0.047985909
2022-7-22,0.753938988,0.682995101,0.760572988,0.738853503,0.124232767
2022-7-25,0.675159236,0.693142057,0.686562074,0.722367928,0.100042557
2022-7-26,0.676835401,0.762421274,0.742496589,0.761708505,0.079897049
2022-7-27,0.726449883,0.798110567,0.798090041,0.807418509,0.087835435
2022-7-28,0.767348307,0.783764871,0.778649386,0.843012364,0.036969087
2022-7-29,0.749245726,0.7253324,0.757162347,0.777070064,0.050740443
2022-8-1,0.682199128,0.772918125,0.748976808,0.763207194,0.042802573
2022-8-2,0.731478377,0.730230931,0.751364256,0.777444736,0.052222215
2022-8-3,0.720750922,0.702589223,0.735334243,0.755339078,0.030085158
2022-8-4,0.685216225,0.725682295,0.699863574,0.7590858,0.013064707
2022-8-5,0.713711029,0.747025892,0.753069577,0.790183589,0.03662836
2022-8-8,0.720080456,0.672148355,0.72271487,0.710003747,0.091402398
2022-8-9,0.650016762,0.689643107,0.663710778,0.723117272,0.032846487
2022-8-10,0.720415689,0.717284815,0.750341064,0.766953915,0.097907248
2022-8-11,0.69694938,0.705038488,0.704638472,0.738104159,0.074043366
2022-8-12,0.679182032,0.659202239,0.678035471,0.715623829,0.069120372
2022-8-15,0.631578947,0.635409377,0.628922237,0.662795054,0.108393404
2022-8-16,0.621521958,0.619664101,0.614938608,0.665792432,0.034479317
2022-8-17,0.595038552,0.645206438,0.629604366,0.666541776,0.05002304
2022-8-18,0.613141133,0.602169349,0.607094134,0.640314725,0.064640507
2022-8-19,0.576265505,0.571728481,0.577080491,0.617085051,0.090312197
2022-8-22,0.552128729,0.606018195,0.590381992,0.60659423,0.04087751
2022-8-23,0.590680523,0.589923023,0.590723056,0.636942675,0.03645301
2022-8-24,0.569896078,0.583275017,0.595497954,0.636193331,0.029552712
2022-8-25,0.566208515,0.610916725,0.615279673,0.640314725,0.051557367
2022-8-26,0.583975863,0.599020294,0.61255116,0.644061446,0.03743077
2022-8-29,0.562856185,0.602169349,0.582196453,0.617834395,0.033954822
2022-8-30,0.581293999,0.613016095,0.603683492,0.646309479,0.024235242
2022-8-31,0.586322494,0.627361791,0.626534789,0.660921694,0.06736235
2022-9-1,0.604760308,0.602169349,0.612210095,0.651554889,0.018734099
2022-9-2,0.581293999,0.585024493,0.603001364,0.625327838,0.024214155
2022-9-5,0.563526651,0.562981106,0.56207367,0.593480704,0.029866153
2022-9-6,0.543747905,0.597970609,0.571623465,0.599100787,0.014901388
2022-9-7,0.569225612,0.593771868,0.612210095,0.632821281,0.028633957
2022-9-8,0.583305397,0.602869139,0.605729877,0.651554889,0.015718428
2022-9-9,0.579617834,0.66620014,0.672578445,0.655301611,0.084805486
2022-9-13,0.644317801,0.682295311,0.667803547,0.716373173,0.02955111
2022-9-14,0.651692927,0.677396781,0.671555252,0.723866617,0.029350844
2022-9-15,0.668789809,0.66550035,0.675989086,0.711877108,0.04365309
2022-9-16,0.636607442,0.622113366,0.640518417,0.674409891,0.021608474
2022-9-19,0.605430774,0.503149055,0.605047749,0.535406519,0.140399958
2022-9-20,0.498156219,0.538138558,0.532742156,0.560134882,0.043858326
2022-9-21,0.520281596,0.519944017,0.516712142,0.557512177,0.020893136
2022-9-22,0.493127724,0.483205038,0.493519782,0.511802173,0.056937854
2022-9-23,0.465973852,0.479706088,0.469645293,0.502060697,0.022086186
2022-9-26,0.459939658,0.530440868,0.521145975,0.516672911,0.045829364
2022-9-27,0.508548441,0.570328901,0.551159618,0.55638816,0.051871813
2022-9-28,0.549446866,0.562631211,0.577421555,0.609216935,0.018837199
2022-9-29,0.549446866,0.603219034,0.599590723,0.610340952,0.050855098
2022-9-30,0.576265505,0.55563331,0.592428377,0.607343574,0.029026282
2022-10-10,0.549446866,0.536389083,0.541609823,0.577744474,0.015406447
2022-10-11,0.517934965,0.506997901,0.514324693,0.539153241,0.02782389
2022-10-12,0.486087831,0.49930021,0.483969986,0.479955039,0.047667023
2022-10-13,0.498156219,0.594821554,0.605047749,0.557886849,0.217634507
2022-10-14,0.551123031,0.687893632,0.681446112,0.615961034,0.212772569
2022-10-17,0.690915186,0.705388383,0.698499318,0.74522293,0.091296052
2022-10-18,0.677505867,0.757872638,0.749317872,0.741476208,0.143220882
2022-10-19,0.716728126,0.724282715,0.731241473,0.757212439,0.083248687
2022-10-20,0.68354006,0.722883135,0.739085948,0.760209816,0.060378715
2022-10-21,0.69694938,0.730930721,0.718963165,0.76770326,0.039035873
2022-10-24,0.70030171,0.658852344,0.720327422,0.701011615,0.120660495
2022-10-25,0.623868589,0.646606018,0.644270123,0.674035219,0.051332456
2022-10-26,0.633255112,0.734079776,0.731923602,0.707755714,0.099665522
2022-10-27,0.70365404,0.649405178,0.702592087,0.702510303,0.113761697
2022-10-28,0.621521958,0.621413576,0.62414734,0.651929562,0.053650963
2022-10-31,0.584981562,0.583974808,0.623465211,0.613713001,0.060970586
2022-11-1,0.569225612,0.66340098,0.635402456,0.626451855,0.084636389
2022-11-2,0.625544754,0.676696991,0.681446112,0.703259648,0.07581202
2022-11-3,0.633590345,0.656752974,0.634720327,0.670288498,0.054827237
2022-11-4,0.631243714,0.690692792,0.681105048,0.709254402,0.062185253
2022-11-7,0.658397586,0.644156753,0.653819918,0.692768827,0.04557583
2022-11-8,0.619175327,0.635059482,0.626193724,0.681528662,0.019683778
2022-11-9,0.6128059,0.634009797,0.646657572,0.673285875,0.033991361
2022-11-10,0.607442172,0.625262421,0.626875853,0.671037842,0.02539286
2022-11-11,0.648340597,0.660951714,0.690995907,0.719745223,0.109767065
2022-11-14,0.643312102,0.646256123,0.659618008,0.685275384,0.055894104
2022-11-15,0.621521958,0.653254024,0.627557981,0.643312102,0.060054391
2022-11-16,0.630238015,0.687543737,0.707366985,0.711502435,0.104141966
2022-11-17,0.643312102,0.675647306,0.670873124,0.711502435,0.025013326
2022-11-18,0.646664432,0.683344997,0.671896317,0.710753091,0.051812788
2022-11-21,0.650016762,0.645206438,0.643929059,0.690895466,0.036049857
2022-11-22,0.611800201,0.577326802,0.61834925,0.617834395,0.063062845
2022-11-23,0.55782769,0.573128062,0.556616644,0.594604721,0.02315864
2022-11-24,0.552799195,0.572778167,0.564802183,0.608842263,0.017472384
2022-11-25,0.546429769,0.557382785,0.545020464,0.595354065,0.005547846
2022-11-28,0.508883674,0.567529741,0.541609823,0.565380292,0.008063028
2022-11-29,0.548105934,0.601819454,0.582196453,0.620082428,0.033735695
2022-11-30,0.572913175,0.594121763,0.587653479,0.634694642,0.006444244
2022-12-1,0.607106939,0.631910427,0.652796726,0.672911203,0.076893144
2022-12-2,0.603084143,0.60986704,0.609822647,0.658673661,0.01647681
2022-12-5,0.599731814,0.658502449,0.637107776,0.674035219,0.053478302
2022-12-6,0.626885686,0.699440168,0.691678035,0.708130386,0.098891885
2022-12-7,0.67448877,0.722183345,0.698499318,0.738478831,0.047731989
2022-12-8,0.696278914,0.717284815,0.703956344,0.768077932,0.018800735
2022-12-9,0.691250419,0.701889433,0.690995907,0.751967029,0.027364435
2022-12-12,0.676835401,0.687193842,0.685879945,0.738104159,0.038714468
2022-12-13,0.666778411,0.691042687,0.67053206,0.721618584,0.022384637
2022-12-14,0.667113644,0.715535339,0.711459754,0.735106782,0.039454098
2022-12-15,0.69024472,0.707137859,0.704638472,0.742225553,0.018862604
2022-12-16,0.668454576,0.708187544,0.683151432,0.75384039,0
2022-12-19,0.6778411,0.673198041,0.677353342,0.729486699,0.006295854
2022-12-20,0.649346296,0.631210637,0.651773533,0.679655302,0.025159116
2022-12-21,0.615822997,0.630510847,0.622442019,0.668789809,0.006927767
2022-12-22,0.6128059,0.693491952,0.692701228,0.678905957,0.054831216
2022-12-23,0.659403285,0.701539538,0.677012278,0.73997752,0.005892402
2022-12-26,0.666443178,0.679846046,0.67633015,0.735106782,0.011390001
2022-12-27,0.673483071,0.78306508,0.761937244,0.760209816,0.09284408
2022-12-28,0.748910493,0.790062981,0.800136426,0.835893593,0.068599624
2022-12-29,0.767348307,0.796361092,0.793997271,0.83889097,0.046385185
2022-12-30,0.774052967,0.789363191,0.773533424,0.846384414,0.020982508
2023-1-3,0.763995977,0.763121064,0.779331514,0.799925066,0.096517632
2023-1-4,0.733154542,0.77886634,0.754433834,0.816410641,0.037167819
2023-1-5,0.753938988,0.833449965,0.81787176,0.838141626,0.06698875
2023-1-6,0.80355347,0.806857943,0.800136426,0.865118022,0.024489034
2023-1-9,0.783104257,0.851644507,0.831514325,0.871487448,0.054673945
2023-1-10,0.811934294,0.880335899,0.851978172,0.906706632,0.055933481
2023-1-11,0.843446195,0.858292512,0.847203274,0.925065568,0.022149189
2023-1-12,0.826684546,0.847095871,0.834924966,0.90820532,0.008148075
2023-1-13,0.825008381,0.896081176,0.866302865,0.90820532,0.046176541
2023-1-16,0.862554475,0.875787264,0.876875853,0.946796553,0.044106347
2023-1-17,0.844451894,0.880335899,0.853001364,0.936305732,0.011164086
2023-1-18,0.843781428,0.849195241,0.84106412,0.902585238,0.031550337
2023-1-19,0.82936641,0.855843247,0.838335607,0.902585238,0.03171847
2023-1-20,0.836406302,0.863191043,0.873465211,0.923192207,0.030843702
2023-1-30,0.844451894,0.83659902,0.84686221,0.892094417,0.034372958
2023-1-31,0.800871606,0.810356893,0.817189632,0.875983514,0.025932373
2023-2-1,0.780757627,0.826801959,0.797066849,0.871862121,0.013011304
2023-2-2,0.806235334,0.83240028,0.821282401,0.890595729,0.018973865
2023-2-3,0.794502179,0.813855843,0.805252387,0.876358187,0.009110444
2023-2-6,0.768018773,0.792862141,0.79638472,0.853128513,0.032882048
2023-2-7,0.778746229,0.788663401,0.775920873,0.838141626,0.006147755
2023-2-8,0.773382501,0.806508048,0.802523874,0.865118022,0.018107108
2023-2-9,0.770700637,0.856892932,0.831855389,0.868864743,0.055849214
2023-2-10,0.829701643,0.88453464,0.871418827,0.923566879,0.025731163
2023-2-13,0.847804224,0.921623513,0.930763984,0.951292619,0.057757222
2023-2-14,0.889037881,0.898530441,0.894270123,0.958786062,0.020513718
2023-2-15,0.867918203,0.89083275,0.878240109,0.953540652,0.006837383
2023-2-16,0.854173651,0.866340098,0.869031378,0.927313601,0.007096138
2023-2-17,0.831042575,0.817354794,0.841405184,0.886099663,0.052256153
